ACB,30314.7936,31490.4942
ACM,33758.4143,33695.5198
AH1,29257.7203,34500.3599
AK19,28185.4359,39012.6664
AK31,29482.0290,38684.1754
AK52,29889.3457,39382.8134
AK6,29283.7324,39647.8906
AK83,31397.2241,39851.6191
AK9,29674.8184,40616.8750
AM14,28777.0707,38973.9528
AM16,28267.0582,39151.8344
AM18,29257.6457,38619.9953
AM19,28134.9305,38989.9965
AM20,29421.1502,38526.8611
AM22,29595.2539,38514.7606
AM32,28117.7689,39172.0389
AM43,30669.2379,38959.5487
AM46,30234.4145,39354.0323
AM51,29489.0250,39103.7605
AM64,30201.2360,39274.2740
AM79,30004.2224,39370.6063
AM80,28950.7223,39184.6976
AM81,28960.3285,39294.4158
AM96,29961.0968,38457.9118
AR1L,22359.0217,31801.6379
AR1M,22474.2050,31687.9608
AR2L,22194.6359,32026.8288
AR2M,22252.4860,31896.9749
AR5M,22562.8641,32184.9758
AR7L,22688.3753,32015.1518
AR7M,22643.9533,31900.5591
AR9,22448.9368,32178.4360
AV1,24649.7520,29778.7266
AV2,24941.5778,29704.4978
A1,28934.1777,38749.8516
A10,29247.0300,38962.0000
A100,29033.1895,39996.3712
A11,28541.1400,38785.3600
A12,28596.1400,38948.3800
A13,28388.5100,38892.0300
A15,28790.0200,38777.8500
A2,29082.5900,38697.0700
A20,29684.7366,38554.0251
A21,29446.1477,38906.1139
A23,29735.5099,38818.5301
A24,29789.4100,38533.0200
A25,30037.5660,38313.6296
A26,28236.9300,39419.4700
A27,28556.6700,39153.3000
A28,28461.3669,39295.5961
A29,29713.5035,38806.4544
A30,29012.7631,39222.5981
A30A,29050.5605,39137.2773
A31,29155.3200,39163.0400
A31A,29150.6699,39318.7539
A33,28152.8391,39115.4784
A34,30042.0000,38931.4300
A35,30310.6600,38963.4900
A36,30443.9088,38715.8847
A37,30474.8188,38904.5192
A38,30367.0774,38445.7028
A39,30309.6300,38134.6900
A4,28876.2363,38636.7578
A40,30633.4700,38267.9500
A41,30627.9600,38553.3200
A42,30675.9559,38735.0223
A43,30887.7800,38670.5100
A44,30856.9781,38804.1956
A45,30438.5300,39214.6400
A47,30885.4750,39174.8899
A48,30374.1800,39154.2200
A49,30724.1600,39260.1900
A50,30703.2900,39392.0900
A51,28117.6053,39054.6321
A52,29513.9566,39155.7785
A52L,29426.2389,39033.6150
A53,29508.9218,39208.8091
A54,29401.8671,39382.3378
A55,29485.5000,39515.4900
A56,29538.8470,39411.5653
A57,29518.5871,39336.4776
A58,29603.1600,39372.6800
A59,30762.2950,39543.9937
A60,30514.5273,39606.8281
A61,30096.8200,39574.3100
A63,29789.5613,39690.0448
A64,30241.6957,39172.3075
A65,30904.4600,39226.9700
A66,28260.6400,40279.1600
A67,28499.2700,40184.2200
A68,28727.3335,40428.7342
A69,28960.0600,40400.4100
A7,28888.4313,38935.4059
A70,28755.4887,40287.5326
A71,28826.1219,40219.9110
A72,29136.4400,40303.0500
A73,28835.3369,40091.5441
A74,29166.9700,40069.8164
A75,28597.1669,39798.9610
A76,28613.8871,39995.2242
A77,28741.1744,39815.6550
A78,28564.0295,39632.2729
A8,29111.6700,38975.6100
A81,28351.6931,39594.7701
A82,28342.7741,39740.6593
A83,31046.8301,39589.4805
A85,29824.1000,38572.1600
A86,30582.1000,38215.8400
A87,30733.8638,38762.2439
A88,29552.2400,38701.9000
A89,28673.2100,39163.9300
A9,29232.3606,38900.2315
A90,28882.3578,40440.1317
A94,28556.1477,39318.8058
A95,29612.0323,38838.7824
A98,27837.0334,39020.7488
A99,28433.4999,39885.5496
BA1,32171.1116,35094.0857
BA2,32444.5217,35453.6678
BA3,32225.0311,35371.0933
BBB,30264.1776,30994.7597
BBM1,18213.6562,36507.8169
BBM2,18714.4710,36997.6927
BBM3,19831.2917,36294.3127
BBM4,19860.3631,36409.7980
BBM5,19610.4720,36154.6192
BBM6,19289.8168,36112.2533
BBM7,18025.9428,36609.4062
BBM8,18561.8095,36898.4253
BBM9,18924.8161,38652.2819
BE10,30223.1994,36651.8815
BE11,30194.9243,36877.2792
BE12,29963.6285,36903.1662
BE13,30026.4687,36336.1338
BE14,30460.9446,36576.4810
BE15,30394.9029,36366.7901
BE16,28193.9043,38482.8203
BE17,29598.0859,38339.9922
BE18,27751.5586,37825.0781
BE19,29656.3321,36775.0947
BE20,29707.8648,36779.0905
BE21,29749.6768,36749.5862
BE22,29818.0559,36839.3645
BE23,29830.0702,36912.2681
BE24,29576.3203,37491.2812
BE25,29668.2541,37471.6058
BE26,29684.6992,37553.5273
BE27,29704.1126,37637.6725
BE28,29639.4805,37778.0547
BE29,29400.2617,37725.7422
BE3,28121.0801,38268.7852
BE3R,28236.2993,38357.4652
BE30,29460.8559,37726.9889
BE31,29421.8945,37882.1133
BE32,29486.1335,37915.7452
BE33,29279.9809,38026.2842
BE34,29146.6066,38113.6749
BE35,29086.8281,38164.5000
BE36,29248.3008,37730.4375
BE37,29235.5530,37787.1371
BE38,29251.7617,37885.6250
BE39,28962.9515,37918.5499
BE4,29675.9231,36514.1566
BE40,29037.3835,37710.0917
BE42,29249.7223,37516.6532
BE44,27812.0967,37767.5494
BE45,29152.4171,37599.2039
BE5,29963.4140,36478.9779
BE6,30066.0547,36320.9492
BE7,30192.8737,36349.3110
BE8,30447.9395,36286.4727
BE9,30544.5318,36588.7709
BH1,29017.3398,34136.3320
BH2,29050.8796,34252.9453
BJMP,21344.6326,39972.0102
BJ1,20878.0800,39550.7600
BJ10,21026.3461,40101.7077
BJ11,21162.6537,40303.4372
BJ12,21452.9618,40246.9897
BJ13,21485.2500,39887.6600
BJ14,21346.1751,40106.9685
BJ15,21374.3071,39941.9395
BJ16,21356.3257,39943.2707
BJ17,20836.1138,40357.2456
BJ18,20743.2768,40326.2581
BJ19,20773.5976,40665.0357
BJ2,20581.8743,39791.6392
BJ20,20929.1589,40888.8561
BJ21,21028.2400,40876.3400
BJ22,21343.2842,40030.3147
BJ23,21281.8500,39957.4300
BJ24,21005.5592,40580.2986
BJ25,21145.4428,40760.7142
BJ26,21253.8552,40640.1785
BJ27,21059.2170,40510.9727
BJ28,20457.7599,40100.1252
BJ29,20695.6095,40765.0345
BJ3,20884.1354,39921.5746
BJ30,20839.8705,40996.2639
BJ31,20677.2932,41092.3435
BJ32,20602.6396,40944.0938
BJ33,21177.2481,40121.6311
BJ34,20562.8579,41081.0580
BJ35,20494.0826,40995.7262
BJ36,20429.9470,40911.5317
BJ37,20359.2531,40813.4447
BJ38,20221.9220,40787.0081
BJ39,20158.8662,40686.9514
BJ4,21204.7046,39724.8735
BJ40,20163.4889,40531.4817
BJ41,20447.5641,39722.7569
BJ42,20317.5802,39878.5860
BJ43,20027.2654,40409.2626
BJ44,20395.5322,40290.7701
BJ45,20397.9729,40073.9347
BJ48,20352.8446,41013.5834
BJ49,20006.0358,40760.5616
BJ5,21295.8798,39665.1802
BJ50,21363.9910,41123.9328
BJ51,20226.0907,40152.4974
BJ52,20134.1254,40120.9810
BJ53,21168.4806,41302.9377
BJ54,21342.9805,41219.4493
BJ55,19927.0486,40913.7640
BJ56,19723.7125,40870.4549
BJ57,19859.5490,40799.6812
BJ58,21095.0855,41051.0080
BJ59,21094.1509,41309.8258
BJ6,21443.7871,39574.4888
BJ60,20897.8022,41135.8221
BJ61,20712.1138,41213.8830
BJ62,21108.8428,40690.9971
BJ63,20985.8418,40364.4597
BJ65,19702.7354,40739.1965
BJ66,19584.9139,40909.9744
BJ67,19616.1105,41031.7585
BJ68,20950.1385,40814.0823
BJ8,21353.5943,39632.9105
BKE1,30034.1445,32237.4980
BKE2,30466.3496,32935.1367
BKE3,30502.0605,32966.8867
BKE4,30617.8164,32970.7734
BKE7,30448.7660,32767.6002
BKE9,30019.3942,32184.2320
BKRM,31121.6383,33283.2558
BLM,31076.0824,33087.5529
BL10,14434.5806,36212.2117
BL13,14836.3467,36315.1094
BL15,14004.6897,36456.5691
BL17,14024.5648,36666.6301
BL18,14768.3178,36520.4472
BL19,14648.3419,36766.7841
BL20,14072.9303,36691.7296
BL21,14206.3144,36819.8339
BL22,14693.2928,36077.4814
BL23,14451.8262,36853.4082
BL3,14190.8096,36556.4297
BL8,14653.3598,36396.1197
BL8L,14505.6710,36484.5266
BL9,14356.1152,36445.4219
BMVM,26866.0055,29672.9702
BM1,25357.1463,29858.3486
BM10,25857.7754,30056.6386
BM12,25769.3044,30009.7592
BM13,25648.7676,29924.1943
BM14,25276.6255,30161.1078
BM19,26373.3689,29793.0744
BM2,25399.6152,29918.9512
BM20,26379.7745,29741.6402
BM21,26296.1582,29735.9980
BM25,26157.2988,29795.3418
BM26,25118.4593,29967.6925
BM27,25937.1387,29610.3105
BM28,26052.9053,29603.6488
BM29,26194.9184,29563.3295
BM3,25574.8666,30013.7121
BM30,26154.2109,29519.0586
BM31,26136.5799,29432.2350
BM33,26367.6248,29465.2670
BM34,26144.1953,29717.0977
BM35,26292.5455,29646.5632
BM36,26279.3643,29471.6752
BM4,25288.5551,30009.2384
BM5,25139.9101,30093.7491
BM6,25823.7973,30215.5782
BM9,25889.8506,30167.4343
BP1,27059.7441,28364.7207
BP2,27297.2734,28508.1074
BRBL,29935.2249,32102.3708
BRB1,29921.7021,32043.7500
BRM,31656.3580,33667.0566
BRM1,30605.3384,34301.5549
BRM2,30711.6128,34245.0049
BRM3,30374.6768,33753.3566
BRM4,30532.4552,33886.3275
BRM5,30912.1514,34418.5838
BRM6,31102.1822,34445.0449
BRM7,30457.6666,34068.0647
BR10,30357.7598,33918.1953
BR11,30854.1176,34276.8274
BR12,30715.4375,34382.2305
BR14,30967.5336,34242.9719
BR18,30496.3613,34277.7070
BR21,30595.5166,34387.1259
BR22,30701.4824,34507.3281
BR4,30459.8203,33979.9766
BR5,30768.0099,34127.2333
BR6,30249.9707,33920.4375
BR8,30363.7715,34154.9883
BR9,29939.1769,33469.7037
BTM,27996.7913,29911.5480
BTM2,27590.7177,29931.3587
BTM3,27485.7966,29859.2793
BVM2,26893.4354,29547.6350
BWM,25037.7298,29927.4975
B10,39172.2903,34582.9441
B10M,39040.5507,34603.0432
B11,38803.7496,34507.0389
B12,38523.5625,34424.8004
B13,38733.3633,34652.0234
B14,38920.4797,34597.3930
B16,39934.8473,33971.8042
B17,40079.2617,34051.0508
B19,39979.5352,33797.4766
B20,40253.2539,33562.5352
B21,39989.0226,34488.9490
B23M,39944.1477,34766.4678
B24,39682.7466,34983.1176
B24A,39829.8122,34830.0817
B25,39927.1063,35018.7287
B26,39910.4336,35166.7734
B27,39654.1953,35145.7266
B28,39379.6445,34971.7852
B30,39733.8204,34684.0888
B31,39744.5963,34524.6842
B32,39511.7026,34404.0851
B33,39405.1638,34385.3038
B34,39391.0547,34503.7773
B35,39335.7148,34586.2422
B40,39067.9293,34972.3428
B41,38925.7812,34972.8867
B42,38851.0273,34961.4805
B43,38492.9294,34812.5657
B44,38482.3867,35129.4805
B44A,38743.3984,35178.6016
B44B,37970.7092,34944.8181
B45,38250.9386,34876.1148
B46,38112.1565,34836.4398
B47,37896.9112,34789.4034
B48,38027.5007,34700.9495
B49,38388.8477,34932.0469
B50,36875.1304,34739.7397
B50A,36838.2461,34857.5547
B50B,36751.1433,34871.3190
B51,37245.6836,34927.6641
B52,37412.3828,35122.5781
B53,37110.0129,35160.4187
B54,37112.9655,35062.2564
B57,37537.5855,35336.4582
B59,38310.1233,35520.6463
B6,38797.4548,34284.6160
B6M,38858.3585,34156.6609
B6T,39044.9784,33995.6053
B60,38654.6406,35490.0933
B63,37937.9062,35591.9375
B65,40502.4219,33588.3320
B66,35903.9044,34750.8852
B67,36132.6219,34913.1736
B68,39530.0381,33861.6257
B69,40091.8567,35069.2759
B7,38973.5423,34152.0151
B7A,39208.9372,34373.2247
B7B,39298.3108,34305.7565
B70,38536.5889,34280.1109
B71,38125.3637,34059.3926
B72,36243.3489,35174.2762
B73,36196.3322,34965.8640
B74,36428.7057,35005.0793
B75,37371.4282,35026.2573
B76,39251.4100,35342.7343
B77,39464.4992,35319.6825
B78,39692.6527,35310.6109
B79,39583.9006,35439.6773
B8,38567.8313,34234.9589
B80,38020.7204,35604.6100
B81,39309.7384,33939.7118
B82,38805.8064,35117.6383
B83,37899.5392,34299.8988
B84,39227.6155,34273.0906
B85,40023.6834,34256.9953
B86,39379.4586,34770.0381
B87,39449.3971,33644.4324
B88,39683.2391,33835.9985
B89,39568.2194,34796.4641
B9,39184.2416,34709.4842
B90,39831.9791,33865.2621
B91,37007.0862,34999.6210
B92,39197.6251,33772.3265
B93,39224.3984,33631.2777
B94,38688.1313,34940.2851
B94A,38668.2981,34834.5151
B95,39325.3283,34194.2403
B96,39088.1581,34133.7804
B97,38037.1417,35371.0192
B98,37860.0561,35362.5681
B99M,37954.0727,34412.5835
CAM,24092.2494,31574.3039
CCKC,18254.4236,40780.2921
CCM,24269.3904,31777.7395
CC1,37970.7792,34316.7372
CC10,38267.4015,34545.0259
CC11,37828.6078,34590.3599
CC12,38194.9297,34332.7592
CC4,37801.1879,34221.6662
CC5,38025.2345,34117.8358
CC6,38043.4844,33973.1328
CC7,38279.7170,34164.7007
CC8,37584.5733,34347.0451
CC9,38313.9557,34438.2547
CDM,23934.8536,31553.8887
CKM1,17706.6149,40616.7716
CKM2,18365.5150,42251.9840
CKM3,17241.0610,40350.4217
CKM4,17384.4024,40068.5078
CKM5,17135.7982,40142.8636
CKM6,17141.5616,39946.6052
CKM7,17288.8253,39773.8970
CKM8,17432.5108,39671.7658
CKM9,17981.6699,39927.7497
CKT1,17457.2727,40253.9548
CKT2,17990.9205,40845.4338
CK1,19169.1019,39939.7774
CK10,18219.6466,40274.8980
CK11,17822.7967,40079.0923
CK12,17816.8828,40361.3125
CK13,17841.9170,40541.6160
CK14,17896.2294,40234.6907
CK15,17716.2981,40045.0820
CK16,17528.1250,40178.0781
CK17,17691.7227,40448.3320
CK18,18797.0391,40329.4648
CK19,18875.7734,40272.4492
CK2,18880.3320,40136.4375
CK20,17629.7003,40593.1789
CK22,18276.2056,40644.1197
CK23,17782.5234,40677.3633
CK24,17983.1711,40586.8844
CK25,18031.4590,40472.3086
CK26,17943.7793,40730.3711
CK28,18079.0694,40228.4669
CK29,18072.2888,40190.9725
CK3,18734.6348,40064.9164
CK3A,18725.4974,40162.9532
CK30,18213.6543,40111.7031
CK31,18164.3898,40080.8939
CK32,18055.7989,39931.0181
CK33,17943.2973,41180.8424
CK34,17736.9363,41167.5327
CK35,17881.6424,41361.0029
CK36,17735.8704,41577.6177
CK37,17863.0257,41773.0092
CK38,18151.9184,41658.5467
CK39,18090.9450,42004.5732
CK4,18912.6962,40234.9502
CK4A,18972.5753,40347.8975
CK40,18298.9982,41919.8106
CK41,18333.4408,41430.6980
CK42,18363.8684,41631.0171
CK44,18631.6662,41611.0810
CK45,18724.0529,41824.3887
CK46,18675.6762,41907.1414
CK47,18471.7225,41904.1787
CK48,18196.0083,42140.2746
CK49,18008.2896,42291.7925
CK5,19030.3926,40238.9180
CK50,18036.1139,42476.1452
CK51,18458.5966,42391.0123
CK52,18754.0711,42503.4389
CK53,18748.5050,42602.4434
CK54,18629.4583,42224.5521
CK55,18561.8248,42111.2701
CK56,18357.2650,42562.8339
CK57,18541.2289,42678.1909
CK58,18157.8829,42638.4707
CK59,17841.6171,39866.5767
CK6,19073.3023,40300.0728
CK6A,19076.7918,40333.5431
CK60,18268.5950,42905.4416
CK61,18607.3210,42882.7597
CK62,18715.5324,42855.1194
CK63,18826.1888,42747.1959
CK64,18872.7705,42404.3378
CK65,18064.0069,41548.1433
CK66,18230.9826,41763.9633
CK7,18945.8673,40250.2699
CK70,17408.5254,39880.0108
CK71,17467.9916,39852.8673
CK72,17718.3450,39728.0193
CK73,17994.5933,39697.5018
CK74,17975.1882,39477.9306
CK75,18119.3938,39664.2718
CK76,18305.5202,39560.1044
CK77,18361.9468,39838.3954
CK78,18660.8389,39885.9891
CK8,18405.5916,40449.7464
CK8A,18614.0227,40353.8181
CK9,18162.1088,40384.5044
CK9A,18449.8356,40217.8144
CLM,25894.5957,30541.7316
CLRG,20283.9283,33479.4070
CLTR,20411.5945,33513.7467
CM1,28656.4003,28548.6200
CR1,31337.5185,31734.6056
CR1A,31521.2359,31781.8809
CR1B,31565.7734,31819.2245
CR2,31599.1055,31890.8184
CR29,30612.5155,32012.4666
CR3,31450.7070,31933.4004
CR30,30406.3770,32213.3125
CR31,30379.3535,32063.9883
CR4,31351.9277,31854.1587
CR5,31218.4922,31730.7441
CR6,31342.5234,31983.7852
CR7,31229.7422,31984.8511
CSM,28873.2635,29983.8819
CTM1,20293.6227,33003.4096
CVBK,31083.7452,33199.2328
CV1,45233.8667,41140.4649
CV2,45212.8158,41314.4339
CV3,45045.6516,41323.3393
CV4,45264.5806,41344.1397
CY,30264.3593,31442.1456
C10,20837.8461,33414.5726
C11,20523.8542,33130.6004
C12,20519.9139,33782.4237
C13M,20528.1198,33646.8063
C14M,20417.4455,33296.1766
C15M,20278.0675,33166.8296
C16,20116.5191,32955.7857
C17,20273.9935,32905.3373
C18,20215.8784,32729.9597
C18A,20306.3068,32672.9468
C19M,20269.3220,32850.6337
C20,20425.9232,32848.9500
C20M,20469.2131,32645.0967
C21L,20624.0039,32590.9865
C21M,20566.6991,32662.4476
C22M,20977.2537,33777.6046
C24,21096.4707,34048.6484
C25,20848.1597,33849.0783
C26,20945.3775,33870.6421
C27,21010.3372,33832.4370
C28,20211.4950,33712.5638
C28M,20070.9020,33845.6740
C29,19754.8437,32767.8945
C29A,19749.6211,32629.2695
C3M,20967.8189,32458.1382
C3ML,20852.2200,32522.1809
C30,19998.4863,32640.0059
C31,19907.0039,32541.0547
C32,19738.0729,32326.8057
C33,20603.5028,31877.1704
C34,19944.5184,32148.1942
C35,20000.4883,31993.6074
C36,20236.2232,31960.1377
C37,20282.3230,31764.2687
C38,20121.5156,31683.3711
C39,20089.6113,32510.9746
C4M,21009.1656,32642.4126
C41,20797.7690,31374.2132
C5,20905.8297,32821.8286
C6,20696.2978,32975.0306
C7,21037.2754,33018.7828
C8,20800.9102,33216.8047
C9,20988.0194,33324.5654
DRM1,25576.6096,29218.1692
DRM2,25165.8976,29305.1091
DRM3,25390.1316,29254.1321
DRM4,25668.1428,29257.6985
DRM5,25346.6693,29308.7018
DRS,25737.9080,29213.3689
DUXM,28860.8985,28827.1925
DWST,25624.1711,30843.9601
DWSV,25362.2059,30853.9755
DWVT,25420.9278,30734.4029
ECM,35602.0712,33587.8309
EC2,35915.3437,33873.7578
EC3,35919.0977,33712.4297
EC4,35720.6280,33641.6254
EC5,35717.5859,33809.3711
EC7,35601.9233,33339.4481
EC7T,35625.1072,33420.8287
EC8,35778.0200,33499.0305
EI1,35070.0793,33964.0908
EI3,35240.6635,33456.9535
EPL,28733.8679,28847.7781
EPM,28622.0835,28739.5121
FRM,31121.2668,32341.4155
FR2C,25150.3008,33394.0586
FR2S,25091.4622,33354.5073
FR3M,24983.1434,33218.9585
FR4M,25130.4814,33238.9594
GBM,31930.2182,33890.9953
GEM,34041.2850,33588.5472
GEML,34068.7879,33577.5930
GE1A,33577.7747,33572.0259
GE1B,33973.3743,33717.7668
GE1C,33896.2141,33557.8016
GE1D,34214.9727,33789.4883
GE1E,33687.9721,33553.6719
GE1F,33666.5701,33497.1087
GE1G,33897.2922,33690.8917
GE2,33733.7656,33357.2852
GE3,34014.6484,33308.1484
GE5,34037.1328,33202.9687
GMLM,22713.9209,32338.0954
GM1A,22836.9123,32767.7127
GM1B,22985.0680,32801.7739
GM1M,22552.3566,32407.3317
GM2,22974.2865,32655.7823
GM2A,22874.5952,32575.0244
GM3,23051.4100,32606.5200
GM5,23013.3200,32520.9300
GM6A,23036.9150,32422.5932
GM6B,22917.7735,32435.7026
GSM,35236.2639,33275.6378
GSML,35252.7807,33256.2338
HCM,26691.3633,30161.6850
HDBH,29669.4119,34933.9237
HE1,26779.8906,30181.1563
HE12,26367.5806,30069.2434
HE14,26768.4355,29793.2871
HE17,26561.0277,29871.6493
HE19,26627.3867,30326.9473
HE22,26834.7218,30269.4645
HE24,26627.4121,29677.5937
HE3,26708.2500,29683.2227
HE4,26827.4609,29545.2148
HE9,26650.6074,29571.3613
HG1,34773.1311,38246.9455
HG1A,35619.4738,40071.2687
HG1B,35497.5223,39745.8425
HG1C,35829.7203,39930.3842
HG1D,34765.7308,38421.4154
HG10,34361.8201,37404.5949
HG11,34862.2295,38666.4192
HG12,35216.1904,38747.8164
HG13,35261.0156,38873.8796
HG14,35023.2798,39024.5479
HG15,33942.0874,37892.5664
HG16,34095.5904,37977.2274
HG17,34080.7076,37750.4416
HG18,34191.1758,37792.5508
HG19,33618.2651,37216.3433
HG2,34533.3906,38329.9531
HG2A,35501.0297,39817.8795
HG2B,33468.3697,39724.6803
HG2C,35112.2965,39125.1711
HG2D,33994.2969,40153.4168
HG20,33910.4258,36933.0703
HG22,33243.2373,37175.2101
HG23,34480.0781,37732.4375
HG24,34496.2494,37985.1602
HG25,33961.8596,37988.3801
HG26,35293.1914,39057.5898
HG29,35318.5017,39372.2520
HG3A,33282.6779,40818.5609
HG3B,33375.8280,40694.4027
HG3C,33418.2290,40968.2736
HG3D,33158.7215,40684.5984
HG3E,33602.1418,40785.1834
HG30,35083.1678,39473.6275
HG31,35011.0401,39719.7005
HG32,33869.4973,39265.7089
HG33,33681.9766,39065.4219
HG34,33362.3594,39106.8477
HG35,34192.6367,38725.0781
HG36,34041.3045,38684.0320
HG37,34015.3359,39445.9023
HG38,34274.4064,39391.9731
HG39,33859.2191,39106.9608
HG4,34417.4102,38475.2617
HG40,34539.9612,37136.0181
HG41,33122.7539,39254.3111
HG42,33575.4429,39573.3197
HG43,33674.0721,39346.8732
HG44,33899.4880,39516.6851
HG45,33877.2539,39766.0352
HG46,33969.9570,39760.9531
HG47,34748.8960,39244.1710
HG48,34763.5200,39713.1288
HG49,34837.5859,40085.5664
HG5,34565.1384,38599.6502
HG50,34456.3578,39923.9507
HG51,34320.5249,40069.8193
HG52,34280.7309,40250.2304
HG53,34386.2027,39209.6336
HG54,33679.7387,37636.4156
HG55,34665.4285,39409.9585
HG56,34321.5593,39246.2794
HG57,35081.0430,37491.8984
HG58,35056.0000,37688.4219
HG59,34677.4570,36999.3906
HG60,34440.7881,40108.8916
HG61,34213.8314,40180.7212
HG62,34147.6282,40310.4206
HG63,35127.5269,39373.9490
HG64,33895.9179,39593.2540
HG65,34622.7764,36051.0336
HG66,34913.4572,35860.8756
HG67,34955.3741,39587.9068
HG68,34512.6726,39104.8807
HG69,34638.4560,39111.1082
HG7,34063.4941,37305.6551
HG70,34141.9377,40105.4776
HG71,33904.3999,39964.9457
HG72,33852.9205,40066.8490
HG73,33590.2913,40031.4783
HG74,34093.2753,36992.4181
HG75,34196.4873,36967.1434
HG76,33136.4980,37101.9975
HG77,33667.3839,39716.3125
HG78,33558.5205,39862.4297
HG79,33249.7444,39781.9719
HG80,33091.2937,39576.5271
HG81,35344.4023,38110.0508
HG82,35706.5000,38048.3008
HG83,35650.3728,37831.2487
HG84,35239.0000,37964.8945
HG85,35362.1016,38036.1953
HG86,33253.8313,39628.6415
HG87,32957.2644,39767.9074
HG88,34150.9965,39781.4108
HG89,34756.3160,39980.4127
HG9,33698.1131,37886.9986
HG9T,33778.1037,37858.0136
HG90,32955.0700,39984.6887
HG91,33219.5565,39999.7403
HG92,34315.7845,38258.1777
HG93,33208.1321,40216.5463
HG94,33267.1427,40391.5643
HG95,34319.1474,37341.5832
HG96,34282.3014,37198.2092
HG97,34837.3954,39248.3805
HG98,32938.9335,40216.0826
HG99,34202.0544,36839.2199
HLM,29354.6692,29687.5080
HRM,26668.6582,29993.0383
HR1,35147.8437,32640.4844
HR2,35090.3320,32769.8359
HR3,35018.9851,32918.8530
HR4,34975.9951,32997.6117
HR5,34875.6086,32812.5333
HVM,27376.7446,30252.7338
H11,27390.4513,29983.9052
H12,27342.3203,30487.6270
H14,27905.0274,30102.5966
H15,27733.5273,30287.7910
H17,27392.1841,30064.5769
H18,27294.4381,30155.4567
H3,27910.6083,30378.7005
H3BL,33444.3288,40713.4165
H3DL,33209.3106,40779.9579
H4,27560.7129,30056.3984
H42A,33437.4888,39407.7276
H6,27517.5526,30418.6159
H6M,27399.5432,30402.6587
H8,27733.2963,30015.8248
H87L,33038.8293,40052.7361
H93L,33274.8825,40196.8778
JBM,27317.7804,29079.9207
JBM2,27105.3295,29188.4439
JB1,33505.3407,31638.5490
JB2,33528.7279,31552.9403
JB3,33672.4849,31431.0270
JB4,33547.8789,31758.1250
JCM,35293.6850,33059.6021
JCML,35269.0428,33048.7790
JKM,28629.3066,29963.8422
JKS,28703.5642,30064.2195
JMB1,27298.7467,29375.3680
JMB2,27274.0467,29729.2354
JMB3,27140.8217,29448.5025
JMS,28610.6237,30051.6694
JM1,15461.2578,36356.8719
JM10,12861.1777,35680.0784
JM11,13624.8076,35994.9675
JM12,12989.0554,35920.2730
JM13,13134.6714,35737.8133
JM14,13026.1447,36061.7744
JM15,13172.2410,35894.5938
JM16,13399.3160,35488.4096
JM17,13617.7777,35278.1130
JM18,13110.6908,36127.6675
JM19,13477.0963,37120.2881
JM2,13715.4817,36231.4554
JM20,13269.4787,35285.1266
JM21,12848.9764,35472.8488
JM22,13451.5242,36321.3672
JM23,13584.6400,37295.9859
JM24,12947.1123,35275.2364
JM25,13232.9976,36272.1883
JM26,13511.8473,36412.4785
JM27,13673.3012,36493.4353
JM28,12683.1316,35279.6451
JM29,12551.4555,35465.1802
JM3,13838.2635,36303.7106
JM30,13595.4624,36957.2314
JM31,12891.4529,36020.4242
JM32,14062.3852,35973.1774
JM4,13598.5325,36287.4517
JM5,13512.8021,35739.3606
JM6,13359.4862,35709.3734
JM7,13497.6635,36071.1758
JM8,13330.2931,35944.9436
JM9,12808.9157,35648.0735
JRM,31175.7470,32165.4237
JRTM,25441.3095,30196.2680
JSA1,15969.0318,36726.9783
JS3L,13078.9223,36081.6418
JS4L,15568.9516,35541.8105
JS5L,12820.4550,35705.9310
J1,17402.9823,35401.3306
J10,17625.0718,36019.1003
J11,17607.7146,36118.9485
J12,17421.1122,36167.9690
J13,17271.9009,36187.6309
J14,17512.2512,36248.7864
J15,17772.4590,36243.0234
J16,17129.8093,36282.7747
J17,17110.9062,36422.9844
J18,17040.9824,36558.0742
J19,16942.1133,36672.5273
J2,17255.3159,35642.1729
J20,16777.3770,36482.1289
J21,16487.2598,36798.4180
J21A,16615.6323,36620.0095
J22,16523.8906,37047.8984
J23,16726.1406,36905.0234
J23M,16739.1947,36793.4383
J24,16619.8437,36430.0234
J25,16684.9102,36333.9766
J26,16568.1895,36340.3828
J27,15018.2256,36557.7852
J28,14999.1709,36634.0039
J29,15045.9395,36750.0547
J3,17112.1421,35740.2671
J30,14888.3145,36770.8398
J32,15441.7334,36438.2695
J33,15152.9335,36434.7257
J34,15398.4307,36577.7070
J35,15335.2070,36693.7578
J36,14883.2670,37142.1353
J37,14921.6961,37045.2742
J38,15231.4766,36804.4414
J39,15538.8643,36919.3594
J4,17826.3697,35522.9964
J40,15709.2368,36905.2238
J41,15615.0684,36712.7969
J42,15786.7041,36706.2305
J43,15975.2217,36672.4648
J44,15904.8789,36553.3516
J45,16144.0439,36789.7031
J46,15284.1084,36874.7695
J47,15168.6443,36930.4317
J48,15219.7479,37142.2128
J49,15272.0103,37284.0817
J49M,15352.8630,37320.2120
J5,17883.7508,35609.7189
J50,15669.4749,37311.8630
J51,15904.1348,37295.1406
J52,15900.1895,37060.7578
J53,16137.4785,36983.8477
J54,15890.8105,36893.8086
J55,15866.4258,36751.2500
J56,17537.9507,35231.3632
J57,17516.6670,35130.0187
J57L,17598.8143,35184.3604
J58,17576.3345,35155.1132
J6,17486.8128,35693.0660
J60L,15152.1100,36874.8285
J60M,15154.9472,36832.4430
J61,11874.8750,35804.8750
J62,11539.0898,35894.7930
J62M,11666.8136,35782.3574
J63,11654.2969,35993.1406
J64,16707.9150,36290.7825
J65,11971.8174,36102.7266
J66,12175.8100,35939.8984
J67,12357.5880,35978.1413
J68M,12264.1306,36023.6972
J69,12455.3311,35761.7852
J69M,12422.5400,35944.9810
J7,17395.7576,35966.8282
J70,12440.6748,36204.0469
J71,12514.7743,36484.9714
J72,12910.9012,36599.9072
J73,12965.2227,36238.1133
J74,12730.4170,36090.9727
J74M,12812.9485,36110.9309
J75M,12397.1268,36260.1612
J76M,12554.2430,36272.3070
J77M,13002.9190,36619.5998
J78M,12620.3435,35969.4867
J79M,12599.8443,36515.2018
J8,17789.8162,35843.6681
J8M,17884.6894,35867.6356
J80M,13270.9893,36409.7045
J81M,13182.8539,36856.8882
J82M,12322.8738,36443.2248
J83M,12613.8496,36926.4932
J84M,12771.2097,36650.4919
J85M,12744.1045,36899.5648
J86M,13061.8605,36897.8976
J88M,13965.0447,35981.9547
J89M,13819.7717,36058.9311
J9,17837.3306,36030.7859
J90,18444.8766,35967.1503
J91,18071.4794,35523.7670
J92,18377.6747,35526.0278
J93,18186.6838,35712.1634
J94,17966.9948,35762.0649
J95,18403.3359,35807.1678
J96,18166.4546,35964.0009
J97,18276.4189,36061.6102
J98M,12813.2745,35771.8721
J99M,12722.6845,35766.8461
KAB,29009.3360,29350.1611
KAM,29110.7830,29377.6082
KAML,29106.1357,29419.0762
KAS,29052.1921,29224.6796
KBM,31984.8599,33610.8985
KB1,31959.8887,33979.5898
KB10,31369.1973,33463.1641
KB11,31383.6001,33648.8612
KB12,31145.9587,33485.5967
KB14,32089.1664,33646.1090
KB17,31293.2559,33326.1406
KB18,31607.4592,33883.3513
KB20,31686.3712,33999.0332
KB3,32043.8984,33676.0000
KB4,32158.2889,33930.5369
KB6,32530.8352,33607.9790
KB7,32135.5156,33759.7891
KEM1,30136.2998,32358.8836
KE1,36412.1149,34662.9517
KE2,36595.6500,34969.9073
KE3,36751.9219,35122.5720
KE3M,36690.7665,35134.9344
KE4,36895.1004,35095.7928
KJML,30035.2650,32724.2432
KJM1,29722.4759,33152.4737
KJM2,30084.3192,32664.3631
KJ1,30083.6504,32880.4805
KJ2,29932.1543,32838.1094
KJ3,29848.7578,32968.1406
KJ4,30020.0977,33207.0158
KLM,30613.3563,32065.8984
KM1,33634.3718,32491.1189
KM2,34056.2683,32342.8113
KM3,33523.1191,32313.2942
KM4,33792.0373,32312.0363
KTM,27480.5391,29500.8137
KTM2,27349.7876,29542.5114
KTM3,27480.2057,29232.1227
KTM4,27329.8822,29325.2282
KTM5,27570.7265,29441.0716
KTM6,27546.4706,29366.6940
KU1,35764.1553,34634.4679
KU2,35904.5382,34433.0259
KU3,35693.8016,34294.5677
KU4,35426.6861,34198.7233
KU5,34682.0040,34739.3755
KU9,35542.2415,34680.1040
K10,33686.7144,32414.0740
K19,34230.6149,32242.3548
K2,33456.8846,32339.0013
K2T,33589.5820,32206.4841
K21,34152.4219,32154.2500
K22,34127.5000,32207.5039
K3T,33624.4511,32211.1481
K52,33696.3242,32544.5075
K7,33864.8318,32356.4852
K9,33891.3203,32539.3633
LBM,25985.8189,30193.5347
LT1,36709.2266,33920.3125
LT2,36631.1094,34016.6914
LT3,36588.6943,34141.3917
L1,32678.1348,36847.0548
MLM,24676.3894,30639.2696
MLM1,24684.8066,30491.8693
MM1,33981.2699,34740.5471
MM2,33873.4028,34064.3335
MM3,34087.5573,34277.3707
MM4,33805.7605,34616.0975
MM5,34149.4724,34667.1985
MM6,34318.7769,34060.4025
MNM,30951.0578,33699.6625
MNRM,30906.0026,33644.1601
MN1,30880.3705,33808.8344
MN2,30565.2223,33368.7671
MP1,37371.0903,31905.8597
MP1M,36529.5332,31693.5008
MP12,36272.3984,31724.8516
MP13,36406.0703,31559.5098
MP14,36194.5872,31654.4656
MP15,36086.4038,31669.6440
MP16,36161.9939,31592.0346
MP17,37078.7559,32050.6377
MP19,36133.3286,31515.2207
MP2,37274.8789,31840.2031
MP2M,36854.4147,31775.1611
MP20,36109.3594,31519.7479
MP3M,37128.3266,31854.8695
MP4M,37001.0531,31814.9830
MP5,37220.0664,32048.6387
MP5M,36809.7582,31975.4666
MP5S,36819.8751,31889.6622
MP6,37244.1328,31980.8496
MP6M,36343.2232,31627.1688
MP6S,36348.9991,31605.5773
MP7,37055.7578,31990.2090
MR3,30868.3965,32223.6387
MR4,30966.4004,32248.0234
MR5,31057.5078,32274.7238
MR6,31029.1022,32165.4648
MR7,31013.0397,32209.1946
M1,33911.4824,33924.4674
M16,33937.7242,34516.7499
M20,34003.7503,34423.7894
M25,34105.2715,34051.7061
M28,33769.1354,34814.6793
M29,33423.9102,34401.8750
M3,33830.3378,34765.5068
M32,33506.0078,33840.2109
M33,33436.9727,33943.3672
M34,33822.8767,34967.5382
M35,33853.4512,34389.6627
M36,33802.3661,34325.7124
M37,33818.9546,34433.4006
M38,34027.2450,34375.4240
M4,34047.6106,34582.1714
NBRM,31304.4327,31815.6323
NTL,39322.4773,38244.2282
NT1,39457.9515,38139.8942
NT2,39463.5572,38242.0507
NT3,39454.1027,38455.3230
NT4,39451.0111,38606.4942
PDC4,17475.2563,39985.5474
PDC5,17989.9222,41499.0296
PDJ3,15435.0187,35211.8516
PDJ7,12930.5286,36787.2543
PDL1,36861.9823,41783.2542
PDP4,21106.0500,40635.5878
PDP5,20527.1095,40820.3843
PDQ5,25514.1791,30563.4425
PDR2,42604.5156,38773.6442
PDR6,40065.8952,39988.2066
PDR7,39453.4352,40190.3477
PDS1,35624.8730,40823.8590
PDT8,39261.5396,37495.7200
PDW5,23640.6900,45832.6288
PDW7,24076.3392,47457.4236
PDW8,23752.5835,46647.3671
PD8W,23295.7544,47198.0451
PLB1,41971.3984,39012.3008
PL10,36567.6957,42059.8507
PL11,36383.4393,42222.0385
PL12,36467.5455,41586.9263
PL13,36576.9670,41721.6090
PL14,35982.6704,42695.5596
PL15,36821.2980,41862.4746
PL16,36463.3164,42276.7143
PL17,37244.6093,42288.7308
PL18,37013.9934,41998.5248
PL19,36545.1733,42395.6863
PL20,37111.8432,42381.4517
PL21,37141.8926,41874.4571
PL22,37191.4597,42180.6537
PL23,35831.2383,42404.7448
PL24,36348.4338,42380.9942
PL25,36731.4595,41935.1533
PL26,37123.7973,42130.2229
PL27,35762.7151,42260.5799
PL28,36145.8836,42652.6976
PL29,36897.0646,42490.1374
PL30,36989.2194,41806.2447
PL31,36110.4866,42837.2882
PL32,35933.3863,42966.5081
PL33,36521.4363,42569.3563
PL34,36309.0710,42857.6068
PL35,36232.4010,42775.4525
PL36,36113.2644,43096.1637
PL37,36495.4409,42788.2417
PL38,36381.5675,42939.0974
PL39,35192.9049,42872.8244
PL40,35326.1743,42841.9622
PL41,35636.9282,42723.6586
PL42,36722.4823,42665.6779
PL43,35765.2615,42620.0879
PL44,35568.6186,42304.0762
PL45,37034.4487,41726.1275
PL46,36714.9868,42459.2349
PL47,35522.7156,42499.8392
PL48,35463.4411,42762.8004
PL49,35464.3471,42355.1566
PL50,35358.2193,42587.4444
PL51,35273.4071,42431.6579
PL52,35583.2467,43557.8383
PL53,35221.6263,43013.9553
PL54,34902.6149,42928.7700
PL55,35069.2354,43028.1349
PL56,36726.0925,43212.3119
PL57,37055.2239,42642.9595
PL58,37289.3261,42421.1514
PL59,35282.7970,43327.1927
PL60,36896.1695,43074.4327
PL61,36410.0435,43106.6938
PL62,34923.1009,43042.4085
PL63,36486.8089,43065.2274
PL64,36557.4238,43015.7992
PL65,35389.8621,43509.9902
PL66,36352.1816,41721.0087
PL67,35143.9937,43367.4988
PL68,34935.4135,42745.6090
PL69,37380.9995,42710.8525
PL70,34673.3293,42770.8483
PL71,37178.9151,42875.7489
PL72,34784.0419,42552.2276
PL74,34486.2640,42569.8371
PL75,35281.7517,43917.7280
PL76,35345.9447,43901.2419
PL77,37596.6187,42542.5155
PL78,35143.0392,43671.1572
PM1,41720.2070,39587.0850
PM10,42373.4610,38753.7772
PM11,42482.8751,38537.8136
PM12,42657.8070,38550.2316
PM13,42053.3726,38723.5879
PM14,42109.8791,38528.4122
PM15,42284.7957,38467.7932
PM16,42400.9355,38268.6092
PM17,42064.8486,38316.5942
PM18,41750.9103,38533.7141
PM19,41766.7964,38887.5806
PM2,42210.8365,39121.6128
PM20,40702.1342,38896.9108
PM21,40920.1747,39245.8244
PM22,41231.6084,38954.5238
PM23,40930.0174,38967.7033
PM24,41131.6320,38802.2291
PM25,40496.5258,39820.0373
PM26,40316.6810,39541.0967
PM27,40606.3885,39551.3513
PM28,40736.5955,39633.1743
PM29,40247.7753,39924.3544
PM3,42201.9401,39312.6071
PM30,40114.6224,39748.7266
PM32,39883.2972,40142.5172
PM33,39858.5997,39896.3925
PM34,39728.9750,39998.0806
PM35,39721.1068,40304.2524
PM36,39546.2838,40486.3671
PM37,39429.3197,40431.9844
PM38,39565.4411,40102.7854
PM4,42258.6513,39567.5489
PM40,39358.5759,39992.2049
PM41,39218.4310,40079.5319
PM43,39109.6654,39906.9922
PM44,39126.6463,39773.0358
PM45,39416.5981,39622.2609
PM46,39692.8318,39469.9703
PM5,42388.3371,39530.4506
PM6,42475.9074,39202.2508
PM7,42459.8111,38843.4823
PM8,42126.5924,39294.4290
PM9,42233.4620,38924.6687
PP1,31994.7800,35133.0300
PP2,31643.1687,34986.5402
PP3,31619.7981,35088.4721
PP4,31650.3687,35213.5248
PP5,31328.0300,35388.2500
PP6,31816.7963,34942.7097
PP9T,31643.7896,34932.8598
PRM,28996.2194,29764.0920
PRM1,41857.2031,39071.4559
PRS1,42134.4478,38894.2762
PR1,41875.5357,38818.4836
PR10,41784.5801,39526.9469
PR11,42030.2409,39606.4261
PR12,41283.8272,38971.2519
PR13,40942.8203,39055.5703
PR14,41151.3750,38747.0430
PR2,41590.9705,38812.1621
PR3,41064.8727,39231.0631
PR4,41488.2976,39437.9950
PR5,41554.7014,39169.7008
PR6,41830.3635,39044.8529
PR7,41840.4900,39225.1300
PR8,42050.7490,39253.7168
PR9,41926.2439,39467.9453
P1,36201.5308,42355.9513
P11,18544.4873,33717.7282
P12,18526.4824,33647.3125
P13,18772.8516,33660.8789
P14,18635.6875,33513.0954
P15,18521.3692,33566.3085
P16,18411.9297,33571.5710
P17,18436.3162,33454.2597
P2,36090.1832,42441.2350
P3,36063.3675,42259.8920
P4,36046.5051,42123.9201
P5,36271.1939,42085.2693
P5L,36283.2687,42152.2969
P6,36473.7909,41918.4197
P6L,36543.1672,41943.8193
P7,36140.7994,41924.9770
P76L,35336.0812,43792.9611
P8,36635.3349,41792.3558
P9,36816.0197,41648.1136
Q14,24533.2200,31110.9500
Q15,24487.1900,31188.5600
Q16,24705.5700,31033.8800
Q17,24717.5800,30953.4500
Q19,24654.5215,30786.9980
Q2A,24780.1309,30449.3691
Q30,25268.6900,30911.8900
Q4,24726.8911,30124.9522
Q41,25318.4336,30747.6520
Q48,24682.9400,30859.6700
Q49,24600.4300,30852.6500
Q5A,24644.4805,30393.2754
Q5S,24530.9034,30353.3466
Q51,24187.6000,31144.3400
Q52,24170.8500,31017.5100
Q55,23894.2700,31228.0000
Q57,24136.6400,31357.4400
Q58,24031.0200,31382.8000
Q59,24023.1400,31476.1900
Q65,24153.2643,31983.7356
Q65A,24418.6360,32156.6750
Q66,24236.0100,32114.3200
Q67,24352.4200,32166.0700
Q68,24181.1800,32133.4100
Q70,24353.0804,32185.2280
Q72,24391.7800,32090.9000
Q73,24335.5387,32064.3962
Q75M,23590.6968,32292.0387
Q77M,23403.3645,32654.8683
Q8,24244.0036,30732.3137
Q80,23479.7213,32316.8703
Q81,23531.2041,32206.3235
Q84,23921.7070,32122.7500
Q85,23406.7100,32283.4900
Q86,24722.8381,30771.7904
Q87,23873.3239,32354.7312
Q88,24354.2159,30597.8694
Q89,23741.0378,32063.6114
Q92,25236.2422,30797.7383
Q93,25189.3828,30813.4336
Q94,24354.3978,32217.4868
Q95,24433.0873,32115.9271
Q96,24782.1998,30858.4456
Q97,24000.9896,31284.4381
Q98,23989.7710,31078.5446
Q99,24191.1767,31958.4905
RCM,30452.1642,32170.1999
RC1,30029.3828,34529.4805
RC2,30198.2024,34434.4910
RC3,30364.4121,34500.5937
RHM,26359.4531,29876.1692
RHM2,26173.5652,29936.3581
RHM3,26214.2901,30036.7081
RHM4,26052.2467,30044.7806
RHS,26029.8967,30077.9357
SAM,25613.7877,30550.6392
SAM2,25516.9485,30705.7785
SB1,26746.7947,47569.9618
SB10,26005.1646,48235.1526
SB11,26146.3836,48155.5365
SB12,26413.5750,48309.1330
SB13,26120.0717,48440.4225
SB14,26232.1094,48224.2405
SB15,26149.9066,47840.5307
SB16,26218.5396,47769.2359
SB17,26928.4878,48059.5679
SB18,25816.9240,47840.9691
SB19,26668.9418,48135.1503
SB2,26573.7982,47566.4296
SB20,26796.9569,47989.2006
SB21,25876.3743,48156.1255
SB22,26549.9373,48088.2577
SB23,26338.6026,47963.0686
SB24,26912.8565,48215.9522
SB25,27050.5673,47980.1685
SB26,25986.3619,48674.0283
SB27,26228.1281,48691.4308
SB28,26032.4828,48496.9223
SB29,26526.0290,48295.8664
SB3,26377.6891,47399.3922
SB30,25798.9394,48563.7941
SB31,25908.3774,48570.2721
SB32,27227.5367,47985.4174
SB33,27345.0145,48093.3785
SB34,25796.9155,48472.7851
SB35,27808.9467,47485.5107
SB36,28073.8648,47675.4504
SB37,27935.4647,47865.1427
SB38,27930.3532,47366.8059
SB39,27876.1108,47714.0370
SB4,26659.5337,47304.5182
SB40,27486.3855,47524.8095
SB41,25822.6138,47537.0937
SB42,26100.1921,47335.3308
SB43,27621.3632,47413.9109
SB44,27861.4431,48160.6538
SB45,27715.1491,47227.6840
SB46,28115.5097,47515.5307
SB5,26317.2063,47530.1084
SB6,26802.1975,47444.0071
SB7,25962.1661,47586.3759
SB8,26209.1886,47639.8142
SB9,26015.7785,47701.5670
SDM,32577.6928,32750.7372
SDM2,33023.2540,33156.8404
SD1,32870.5864,33205.4777
SD10,32536.1875,32664.7148
SD11,33133.8433,33184.8063
SD2,33013.2144,33244.1573
SD3,33111.4554,33289.2189
SD4,33222.1008,33206.1110
SD5,33185.7148,33337.7578
SD9,32471.3589,32673.4722
SE1R,32008.2454,39269.0556
SE11,32462.7350,39138.1824
SE12,32425.9955,37769.0271
SE13,32118.9668,37628.3516
SE14,32080.9673,37405.0495
SE15,32016.5748,37221.7930
SE16,31828.4814,37191.2676
SE17,31827.3152,37091.2582
SE18,32133.8758,36923.5252
SE19,32493.0156,37426.3627
SE2,32141.4161,39120.5864
SE20,32315.8014,37076.1308
SE21,32306.5934,37281.6467
SE22,32319.1389,37361.3217
SE23,32175.5882,37349.5073
SE24,32248.5137,37207.3633
SE25,32385.3212,36493.6986
SE26,32542.9488,36786.8864
SE27,32777.6686,36724.1991
SE28,32485.4629,36702.1845
SE29,32727.6274,36890.9379
SE3,32184.8437,39029.6133
SE30,32577.7448,38876.7994
SE31,32490.8340,39280.3789
SE32,32337.7930,39365.8320
SE33,32372.4102,39573.3748
SE34,32561.5329,39548.9793
SE35,32778.0707,39455.8826
SE37,32626.2779,39288.7385
SE38,32718.2316,39550.3266
SE39,32271.7043,39500.6075
SE4,32337.7296,38973.7878
SE4S,32447.1780,38780.0615
SE4T,32081.2625,38854.7014
SE40,32084.7485,39394.1524
SE41,32105.7886,39560.7557
SE42,32650.2875,39210.4727
SE43,32714.5800,39167.8900
SE5L,32677.0953,39047.1465
SE50,31927.5751,37333.0762
SE51,32347.3644,37477.7718
SE52,32264.0000,37663.5000
SE53,32646.5636,39045.8726
SE54,32212.7535,37730.9037
SE6,32291.7151,38654.0710
SE7,32311.0661,38616.7321
SE9,32578.5299,38938.1920
SGLM,30996.5411,33882.5768
SGTM,31285.1184,33809.4155
SG1,31081.3691,33941.3672
SG2,31215.5547,34039.5820
SG3,31211.6165,34153.5582
SG4,31314.7745,33950.1960
SH1,28554.1079,36984.0277
SH2,28406.2288,37118.9660
SIM1,41035.8834,36146.1393
SIM2,41421.5824,36471.4610
SIM3,41894.1857,36390.0702
SIM4,41380.0528,36193.5530
SIM5,41239.1770,36075.6849
SIM6,41980.7224,36124.2827
SI1,41132.0547,35918.9005
SI10,41778.1055,36412.1574
SI11,42016.4544,36368.2260
SI12,41979.0020,36445.3718
SI13,41776.8118,36015.1241
SI14,41499.3416,36379.6414
SI2,41198.5644,36239.7964
SI3,41210.8437,36301.0430
SI4,41238.5468,36333.2491
SI5,41426.5160,36431.5438
SI6,41611.4102,36559.4180
SI7,41685.6118,36617.7899
SI8,41777.9717,36593.4263
SI9,41590.7201,36434.8566
SK1,35884.5645,41149.7601
SK1K,34678.7297,40731.1214
SK10,35224.4669,41353.9464
SK11,35361.0715,41148.1882
SK12,35494.0265,40573.0138
SK13,35503.5320,41122.8627
SK14,36014.7491,41304.3232
SK15,35368.9230,41723.2516
SK16,35521.3711,40631.4230
SK17,35276.8508,41636.7294
SK18,35927.2239,41842.1501
SK19,35690.9808,41852.5684
SK2,35433.4759,41356.0962
SK20,35856.3716,41778.8908
SK21,35772.4099,40529.1502
SK22,36001.1909,41017.8685
SK23,36099.0459,40907.1776
SK24,36172.8047,41735.4985
SK25,35193.2717,41647.7381
SK26,35037.7821,41713.3460
SK27,35822.0588,40784.7714
SK28,34964.5908,40993.9848
SK29,34907.7394,41106.0902
SK3,35134.3189,40887.3355
SK30,34957.9524,41736.0670
SK31,35706.3126,41679.5157
SK32,34548.7768,41065.8066
SK33,34574.9636,41140.2415
SK34,35640.0823,42063.5105
SK35,35403.3489,41899.0368
SK36,34479.4144,41197.9512
SK37,34375.6460,41042.6153
SK38,34829.7614,41852.9235
SK39,35203.5128,42013.1642
SK4,35427.7063,40454.8668
SK40,34130.2215,41374.1249
SK41,34060.4225,41184.0668
SK42,34233.6919,41090.2204
SK43,35107.1095,42039.9623
SK44,33905.0798,41268.8098
SK45,35280.3263,42165.1817
SK46,33763.8587,41567.8926
SK47,33771.7581,41364.3158
SK48,34475.7019,41347.2977
SK49,34358.6228,41381.4575
SK5,35726.2721,41068.0657
SK50,34592.9265,41686.8525
SK51,34472.1598,41724.1866
SK52,34307.6386,41623.0083
SK53,34015.6621,41607.6260
SK54,36345.8603,41552.0224
SK55,36285.4220,41009.0300
SK58,32996.0569,41263.3008
SK59,34958.0485,41925.5733
SK6,35525.0920,41265.8605
SK60,32444.9600,41076.9570
SK61,32620.4698,41123.1753
SK62,32829.9567,41201.1613
SK63,35195.6938,40666.4558
SK64,34946.9569,40704.5286
SK65,35087.5860,40622.2863
SK66,36192.9313,41509.0921
SK67,35097.5944,40434.3881
SK68,34780.0509,40557.9461
SK69,32787.0554,41601.8227
SK7,35197.2219,41221.8290
SK70,34835.6667,40693.9897
SK71,34774.0235,40448.7069
SK72,34740.6220,40787.4947
SK73,34780.2916,40894.8139
SK74,32927.5192,41564.4693
SK75,32650.9465,41502.7315
SK76,35432.8690,40808.1160
SK77,32809.1737,41359.6037
SK78,32535.1306,41510.8896
SK79,35425.2143,40897.3587
SK8,35664.2870,41306.3404
SK80,32808.4169,41758.3716
SK81,32446.7092,41548.8847
SK82,36424.4447,41417.9477
SK83,32461.1013,41787.9348
SK84,36538.8836,41313.4820
SK85,32987.7264,41793.5661
SK86,32878.9647,41809.1498
SK87,32429.5956,41673.2254
SK88,32538.8707,41769.3259
SK89,34146.3004,41863.1893
SK9,36079.7857,41414.8039
SK90,34570.2904,41861.2936
SK91,34477.2956,40826.5256
SK92,34630.7775,40899.9535
SK93,32681.0825,41760.0347
SK94,34234.9599,42028.5626
SK95,34291.9886,42206.0484
SK96,33000.3795,41646.8467
SK97,33889.5864,41641.0117
SK98,33204.2465,41285.8912
SK99,33034.2631,42108.8313
SLS,29074.9041,29346.7200
SL1,38051.0430,32673.7969
SL2,37997.8555,32648.7539
SMM,25135.7671,30634.5571
SMML,25259.6207,30666.3245
SM1,28668.8008,37777.1992
SM2,28336.3289,37439.3599
SM3,28639.6889,37421.9282
SM5,28553.6907,37871.1114
SM6,28512.4336,38159.9961
SM7,28738.8516,37892.6719
SM8,28636.0000,37711.8984
SM9,28392.1992,37509.3008
SPM,28257.4232,28489.7651
SPS,28317.6841,28619.0984
SRS,27693.5872,28667.6456
SR1,29950.6152,31769.9941
SR2,29972.2310,31722.9193
STAM,25398.1488,30582.3365
STM1,24647.2485,30296.4074
STM2,24703.9688,30248.2870
STM3,24662.1367,30248.0610
S100,33385.8789,42084.1752
S101,33130.4351,42095.6631
S102,36266.5706,41244.5030
S103,34896.2847,42025.6613
S104,34647.5273,41351.7558
S105,34803.9591,41294.0789
S106,34316.7374,40374.0494
S107,34268.6310,42345.2820
S108,35078.5504,42219.4474
S109,33183.7608,41498.5269
S110,33931.8699,41689.9061
S111,32220.5882,41525.3527
S112,32051.5030,41600.0851
S113,33824.5270,41667.8944
S13L,33976.3641,41801.3132
S14L,33672.1500,41719.2634
S19L,26619.2790,48110.2064
S24L,26930.1313,48308.6929
S28L,26156.7460,48492.1384
S30L,34845.4319,41829.1525
S36L,28033.5990,47720.0557
S38L,27945.3404,47471.3997
S39L,32277.1580,39545.2552
S40L,27600.8748,47574.1207
S43L,27659.3104,47371.4915
S45A,27764.9761,47188.8337
S45L,27821.7372,47226.2109
S69A,32847.3550,41553.4443
TAM1,40534.8059,37474.7126
TAM2,41336.4164,38040.1724
TBCM,26642.8740,28889.9336
TBC2,26594.4985,28690.7096
TBC3,26248.2192,29055.7391
TBK,25410.0758,28869.5953
TBM,25479.2441,28253.7507
TBMT,25059.9661,28475.4537
TBM2,25318.3879,28642.2103
TBM3,25290.5101,28428.7979
TBM4,25156.3228,28862.5317
TBM5,25599.7585,28608.3876
TBM6,25528.5116,28424.2252
TBM7,25497.8422,28748.5546
TBM8,25102.2101,28852.5891
TBM9,25092.2521,28584.6862
TB1,26359.0527,28989.3284
TB10,26874.7030,28321.7568
TB11,26911.2155,28123.4116
TB14,25109.3906,29363.2539
TB17,25740.9065,28588.0794
TB18,25383.8683,28775.7738
TB19,25261.3047,28571.4790
TB2,26444.6627,28896.6707
TB22,25135.6120,28488.1817
TB23,25985.6543,29309.8340
TB27,25595.8755,29374.1443
TB28,25306.0000,28279.5996
TB29,25069.1970,28402.4038
TB3,26458.5039,28811.9141
TB4A,26789.3262,28899.8419
TB6,26757.1680,28492.5299
TB7,26673.4648,28437.3189
TB8,26601.7550,28348.0370
TB9,26766.3105,28419.3515
TE1,27236.0312,29306.6816
TE13,27694.6129,29518.2043
TE14,27503.2019,28827.5456
TE2,27083.1099,29159.4607
TE21,27806.9987,29492.0940
TE22,27918.1167,29540.7605
TE23,28023.0859,29632.3616
TE24,27642.8184,29641.8672
TE25,27718.3359,28870.7891
TE26,27725.5076,29745.9783
TE27,27803.2031,29566.7725
TE28,27925.0200,29451.2566
TE29,27776.6895,29392.8223
TE3,27201.2559,29132.8223
TE30,27652.5410,29480.3242
TE4,27390.6755,28981.1406
TE9,27961.4701,29590.0940
TGML,17541.2774,33778.0800
TGM1,17493.7022,33714.2794
TGM2,17424.7554,33821.7982
TGM3,17539.8244,33945.2298
TGM4,17308.7145,33863.5119
TG1,17351.3149,33950.9498
TG2,17347.6784,33758.6936
TG3,17500.7539,33654.8242
TG6,17736.1710,33786.4157
TG7,17869.5236,33600.6696
THM,24057.5790,31174.2517
TJ1K,15558.4670,35156.0339
TJ18,15662.8289,34894.8007
TJ27,15511.2925,34359.6614
TJ28,15439.9056,35477.7143
TJ29,15645.0192,34485.0749
TJ30,15638.0002,34701.6525
TJ31,15708.2643,35640.7797
TJ32,15409.2144,35801.6725
TJ33,15750.5079,35476.5566
TJ34,15894.1114,35134.9640
TJ35,15665.2600,35011.1747
TJ36,15892.9516,35376.8603
TJ37,15670.2177,35606.2780
TJ38,15586.8737,34946.2629
TJ39,15758.7046,34458.9721
TJ40,15555.5191,34733.8176
TJ41,15766.9047,34337.8211
TJ42,15650.2468,34383.6425
TM10,42126.6048,37272.8556
TM11,41934.0052,37388.5874
TM12,41788.3197,37546.7093
TM13,41998.1122,37604.9556
TM14,38821.3641,36797.1622
TM15,41232.7759,37756.7953
TM16,41011.0361,37538.3082
TM17,39650.1540,37040.1089
TM18,39653.7508,37167.0637
TM19,42025.2830,37713.9356
TM20,42211.8682,37802.4125
TM21,42150.9608,37058.3057
TM22,42413.1125,37152.4367
TM23,42340.9357,37417.4815
TM24,42258.7221,37501.1231
TM25,41930.7103,37865.6500
TM26,42056.4696,37988.6087
TM27,42085.7621,38079.9813
TM28,41750.9046,38321.0985
TM29,41998.9929,38083.5573
TM3,41048.1591,38147.3551
TM30,39499.7604,37661.9755
TM31,39500.2011,37869.6384
TM32,39341.6396,37956.2945
TM33,39435.2754,37605.5615
TM34,39141.5755,37700.2172
TM35,39220.1743,37998.2245
TM36,39769.2878,37693.9606
TM37,39717.4254,37584.9156
TM4,41225.8231,38349.9868
TM40,40249.3594,35734.5626
TM41,40030.3277,36628.8151
TM42,39149.9105,36784.3426
TM43,41234.0246,37276.5181
TM44,41688.2888,37919.2972
TM45,39093.7405,37493.1753
TM46,39699.2218,37846.9485
TM47,39889.1667,37644.1458
TM48,39220.4729,36578.8195
TM49,41321.7712,38447.8005
TM5,41439.2470,38351.4469
TM50,38884.1396,37614.9003
TM51,38621.1252,37032.6650
TM52,41621.3762,38441.3412
TM53,39726.5335,37438.5434
TM54,38750.9399,37292.1188
TM6,41691.9427,37261.1308
TM7,41833.9252,37212.6124
TM8,41787.0937,37067.9473
TM9,41997.2837,37271.9383
TPB1,30590.6956,35360.7931
TPL,29078.2890,28819.4744
TPM,28999.2720,28661.7751
TPMA,29982.6197,35409.3079
TPMB,29325.0625,35025.5547
TPMC,29429.1872,36009.9728
TPMD,29290.1401,34713.1702
TPME,29839.4181,35624.0957
TPMF,29370.6164,35254.4451
TPMG,29196.8690,35602.2984
TPMH,30679.7745,34913.8565
TPMJ,29353.4950,35161.8974
TPMK,30810.4264,34798.1948
TPML,30849.5226,35599.7494
TPMM,30747.1931,35686.9065
TPMN,29698.2634,35231.2092
TPMP,29277.9112,35429.2632
TPMQ,29061.1557,35461.8044
TPMR,30487.8360,35104.5323
TPM2,29532.3014,35715.2153
TPM3,28992.1869,34772.9821
TPM4,29783.6897,35326.4304
TPM5,29560.4287,35333.5642
TPM6,30371.0062,35230.8425
TPM7,29402.5995,35779.2930
TPM8,30889.8975,35423.8667
TPM9,30723.2960,35473.1848
TP10,30256.1700,35233.7700
TP12,30090.9500,35135.4900
TP14,30124.4200,35341.3000
TP15,29949.2300,35517.2000
TP16,29669.0734,35049.0624
TP17,29699.9143,35107.3661
TP18,29939.3200,34976.4800
TP2,29660.7631,35373.4764
TP20,29242.9935,34803.2161
TP22,29193.4400,35154.6800
TP27,29329.7942,35524.3536
TP3,30028.9900,35280.7700
TP3A,30325.2783,35742.6437
TP30,29448.3398,35862.8984
TP31,29396.9527,35917.6634
TP32,29572.6442,35915.3720
TP33,29531.7522,36074.2751
TP34,30127.2700,35573.4600
TP36,30278.0957,35382.7109
TP39,30329.0120,35012.6167
TP4A,30471.7791,35715.3312
TP40,30603.6943,34876.7330
TP41,30773.9200,34907.9500
TP43,30662.6827,35225.0847
TP48,30599.9600,35527.3900
TP49,30495.5625,35670.9258
TP50,30349.5891,35671.9011
TP52,30361.6300,35951.6800
TP53,30474.3865,36065.9505
TP54,30574.9288,35955.0251
TP56,31018.2569,35434.7302
TP57,31030.0100,35235.8000
TP59,31047.5800,35155.1200
TP60,30107.8300,35814.1600
TP61,29669.5764,35018.5085
TP62,29907.7722,35952.8982
TP63,29748.8203,35990.7969
TP64,29813.3984,36054.5000
TP65,29973.9188,35315.1935
TP66,30567.3540,35273.6790
TP67,30647.8392,34994.1728
TP68,30890.7640,34815.7549
TP7,29719.0400,35774.2300
TP8,29684.0801,35728.6552
TP8A,29791.3108,35569.1970
TRM,33602.3061,31409.6032
TRS,33581.4137,31444.7784
TR1,31092.8691,33554.6172
TWM1,19566.0155,40125.5448
TWM2,19459.5932,40178.8656
TWM3,19541.9487,40262.0437
TWM4,19166.6753,40542.0167
TWM5,19687.1465,40113.8175
TW1,19301.8301,39963.4141
TW2,19225.6875,40080.8281
TW3,19229.0410,40255.5469
TW4,19072.5156,40448.2227
TY1,21441.5507,35689.4790
TY2,21359.8594,35627.5039
TY3T,21219.4283,35808.8247
TY4,21172.6890,35626.0278
T1,40645.1002,36633.3607
T11,40241.5939,36993.2916
T12,40513.9859,37022.0319
T13,40511.1172,36794.0234
T15,41292.6602,37256.6602
T16,41242.6367,37183.9531
T17,41349.1055,37121.3281
T18,41423.7376,37254.2715
T19,41357.6797,37403.3437
T20,40691.5398,37589.1246
T24,40682.5014,37392.3908
T25,40663.4797,37197.2727
T26,40884.9727,37147.5430
T27,40784.0430,37234.2773
T28,40918.3711,37369.6133
T29,41092.9461,37347.4683
T3,40700.7059,36530.5002
T30,40920.2995,37019.6152
T31,40760.3906,37026.1929
T32,41035.0411,36785.1588
T33,41243.9538,36627.3316
T34,41284.2492,36781.6360
T35,41456.9570,36778.5156
T37,39523.5039,36609.7734
T38,39932.1232,36937.4179
T39,39926.9824,36424.8207
T4,40964.6909,36395.5354
T40,40129.3633,35824.8047
T41,39350.7020,36706.4210
T42,39062.7271,36823.2135
T43,39241.8985,37029.2046
T44,39357.5533,36980.6496
T45,39338.9023,37240.9629
T46,39486.3058,37178.0754
T47,39527.3164,37445.0986
T47A,39328.7136,37444.6416
T48,39076.7194,37331.6710
T49,38918.6987,37122.0189
T49A,39139.9893,37058.3736
T50,38870.9497,36981.7596
T51,38948.9356,36763.5017
T54,40286.9005,37300.6184
T55,40456.9061,37597.9862
T56,39079.6727,36911.3845
T57,39101.1472,36984.4555
T58,38884.7143,37492.6034
T7,40518.5548,36401.0077
T7A,40498.7308,36344.8610
T72,40496.7609,37796.9601
T73,40642.7732,37796.0139
T74,40786.4727,37942.9375
T75,41035.8679,37933.5266
T76,41168.0391,38026.2765
T77,41294.1032,38193.2412
T78,41120.0820,37750.8945
T79,41482.7031,37721.6602
T8,40338.7812,36505.4414
T80,41494.2122,37985.4918
T81,41871.9858,38044.2348
T9,40278.3039,36660.4761
UAM1,33107.6324,35187.5516
UA2,33109.3320,35098.3344
UA3,33265.0270,35204.8735
UA4,33075.3159,35275.3778
UA5,33326.6984,35410.4255
UA6,33101.2667,35157.3013
UBA4,34994.9175,35328.5373
UBKM,32179.7655,33010.5845
UBK2,32237.8125,33097.6016
UBK4,32537.2679,33063.4121
UBK5,32522.9258,33422.5430
UBM1,32374.0247,32770.7980
UBM2,32125.5883,32822.4057
UCS,28950.0781,29897.9961
U1,18391.6404,36723.7690
U10,18029.1321,36437.8173
U11,17982.2826,36616.6603
U12,18668.6078,36565.8437
U13,19086.1700,36658.9200
U14,19276.6800,36568.9300
U15,19332.5650,36778.3610
U16,19291.0823,36949.9677
U17,19484.9573,36912.4024
U18,19699.5049,37022.2461
U19,19653.7625,36736.2392
U2,18316.8368,36887.7302
U20,19895.4902,36584.6445
U21,18569.9729,37715.1464
U22,18339.7245,38092.0958
U23,18234.0951,38341.6520
U24,18465.5800,38439.7002
U24T,18441.4863,38506.9696
U25,18728.7311,38350.9289
U26,18742.2400,38064.6600
U27,18846.1378,37962.5676
U28,18790.0520,37772.6738
U29,18649.5445,37851.9011
U3,18098.9773,37055.7538
U30,19027.5388,37666.3629
U31,18847.0784,37666.2614
U32,19018.5011,37355.1895
U33,18873.0414,37452.2798
U34,19139.7066,37093.5044
U36,18937.3455,36228.7505
U38,18124.0483,36539.8249
U39,18837.6188,36875.2113
U4,17973.0318,36974.1108
U40,18879.8441,36750.5885
U41,18955.5289,36844.8175
U41A,18690.7790,36915.3896
U43,18275.4565,38569.6475
U45,19606.6244,36561.0495
U46,18463.4479,36256.9749
U48,18590.8011,38166.1707
U49,18817.5304,36385.1968
U5,18135.2799,36917.0123
U50,19356.5349,36607.8807
U51,18336.3250,38543.2265
U52,18172.9985,36305.5813
U53,18363.2733,36194.2818
U54,19312.2301,36987.8524
U55,17419.4393,36994.0568
U56,17317.6560,37581.4848
U57,19323.1576,36459.7662
U58,17668.5683,37144.9669
U59,19325.1186,36287.3630
U6,18071.3516,36683.9531
U60,18060.8019,37237.9017
U61,17534.7152,37528.3789
U62,17844.6833,37081.9943
U63,18706.9913,37924.5500
U64,17583.3446,37408.1445
U65,17615.8232,37714.9240
U66,17566.9792,37864.5832
U68,17588.9545,37339.3644
U69,18000.4363,37685.2975
U7,17847.5676,36758.9474
U70,17773.0352,37655.3275
U8,17825.5193,36588.0340
U9,17748.6389,36445.3951
WCB,30072.1484,31241.1484
WCC,22802.4706,46289.7139
WDB1,30217.5260,33669.5658
W10,21545.6709,46781.8077
W100,23428.6148,45604.4370
W101,24936.0215,47134.7585
W102,25028.4866,46986.6400
W103,23995.6932,47488.7994
W104,25131.0901,47292.9142
W105,25278.0655,47369.5027
W106,25235.6886,47178.0376
W107,23134.4358,45725.6660
W108,21543.8287,45922.7283
W109,23995.7850,47408.7711
W11,21255.3672,47104.1328
W11M,21271.5200,47154.7049
W12M,21198.8774,47366.6434
W13,21488.6740,47244.6194
W14,21284.6738,47633.2891
W16,22275.6094,46924.5039
W17,22249.7662,46486.5748
W18,22115.7552,46747.5940
W181,21988.2079,46815.1990
W182,21621.1257,46318.1491
W185,21673.9257,46440.8216
W19,21755.7880,46587.4955
W20,21482.2371,46304.8149
W21,21847.2739,46264.6640
W23,22191.7187,45992.2266
W23T,22109.3581,45893.4989
W24,21992.0066,45860.9547
W25,21642.9242,45782.9456
W26,21430.5762,45933.9805
W27,21388.7832,45861.0977
W28,21382.8242,45760.7109
W29,21484.0352,45758.1875
W3,20906.7446,46925.2015
W30,21406.3320,45779.8253
W36,22780.8105,47005.8672
W37,23227.4135,47060.8098
W39,23315.9648,46842.4180
W4,21704.3672,47125.2891
W4M,21619.4951,47025.8162
W40,23403.6522,47029.9515
W41,23548.9652,46854.6331
W43,21182.9312,45692.8787
W44,21205.5217,45525.4699
W45,21528.0175,45524.5271
W46,21362.6102,45378.0962
W47,24226.8525,47888.1631
W48,23070.9310,47203.7395
W49,23405.0247,47174.9596
W5,21865.5141,46936.8596
W5M,21927.7465,47034.7509
W50,23590.4851,47176.9397
W505,23357.8610,45984.0543
W509,23101.6173,46110.9586
W51,23472.5842,47106.6555
W516,23265.6873,46208.4999
W517,23348.3676,46205.9810
W519,23440.3014,46253.1124
W52,23122.1725,47008.0730
W521,23581.4144,46183.1367
W523,23613.7100,46071.6238
W525,23506.2589,46033.5570
W527,23463.7611,45965.5899
W53,23338.8254,47350.3849
W536,23348.8456,45873.6556
W54,23076.3795,46789.1914
W546,23558.6725,45719.8134
W549,23728.4290,46002.0615
W55,23683.3329,46831.8539
W554,23871.6965,46028.6081
W56,23342.6004,46649.9806
W57,23118.1910,46497.6326
W570,23182.8035,45847.6356
W574,24118.9360,45812.8190
W578,23923.9837,45898.4854
W579,23795.1940,45862.9987
W58,23429.9641,46416.6889
W586,23702.3400,45656.6161
W588,23701.8273,45550.4272
W59,23692.2989,46446.9807
W6,21838.7773,47085.9570
W60,23521.1992,46312.5000
W61,22505.7065,46103.3973
W62,22628.7386,46063.1814
W63,22780.0672,46063.1491
W64,23969.4738,46630.5468
W65,23844.7328,46979.1172
W66,24069.3210,46974.6261
W67,24188.1546,47019.5375
W676,24373.6740,46827.1390
W68,24350.2675,47010.7245
W69,24270.2765,47376.2034
W691,24987.9400,46924.7798
W693,24703.9448,46642.4900
W694,24850.6084,46636.9442
W7,21800.3125,47200.2539
W70,23937.0706,47352.2621
W71,24179.5955,47205.7795
W717,24141.7435,46956.0986
W72,24505.3860,47143.7880
W73,24711.6693,47219.5233
W74,23886.3660,47208.9992
W75,23800.1720,47218.8422
W76,23747.0647,47397.2586
W77,23613.1605,47523.5906
W78,23849.9464,47582.4593
W780,24414.7153,47764.0320
W782,24689.6411,47760.7102
W783,24750.7857,47717.9903
W785,24848.1010,47634.8210
W79,24123.1011,47708.2983
W8M,21660.0118,46873.6677
W80,24330.2647,47756.4455
W81,24296.7171,47514.7036
W82,24471.0095,47352.6032
W83,23975.8384,46423.1877
W84,23837.6593,46282.3619
W85,24192.1416,46200.7694
W86,24420.0800,46561.7115
W87,24317.8529,46691.9568
W88,24149.2668,46546.1362
W887,23702.7059,46585.1510
W889,23582.2200,46633.6669
W89,24131.2685,46393.7460
W90,24304.8642,46201.7037
W91,24421.7399,46312.2663
W92,24520.8714,46439.9443
W93,24580.5607,46608.2682
W94,24441.8462,46881.2420
W95,24490.3124,47314.8499
W96,24060.4226,46730.8096
W97,24212.7627,46796.4780
W98,24682.0186,46808.9077
W99,24907.5910,46937.7135
YHS,28508.3965,29880.2227
Y1,27412.0991,45841.0373
Y10,27995.9600,45066.8145
Y11,27625.6289,45280.5234
Y12,27905.7385,46499.2010
Y13,28505.9395,45881.9889
Y14,28260.7012,46043.2891
Y14A,28246.3185,46249.5229
Y15,28389.0234,46261.6211
Y16,28681.0314,46086.2424
Y16A,28648.4057,46162.6732
Y17,28872.7500,46307.5430
Y18,28689.2205,46383.1673
Y19,28538.5011,46605.7561
Y2,27414.6758,45987.2187
Y20,28504.9276,46440.0785
Y21,28426.9545,46510.8406
Y21A,28144.9395,46528.6914
Y21M,28170.8701,46340.3180
Y22,28064.6973,47038.7031
Y23,27862.1152,44818.0937
Y24,27999.8887,44541.1562
Y25,27742.9217,44276.3479
Y25M,27925.9358,44389.0052
Y26,28057.7461,43852.7148
Y27,28033.9316,44001.6406
Y28,28076.7324,44158.4922
Y28M,28117.1717,44138.2643
Y29,28135.4160,44332.6484
Y3,27506.7793,46268.6172
Y3M,27349.1212,46139.6053
Y30,28212.8196,44250.2645
Y30M,28270.7412,44261.2589
Y31,28380.8499,44273.0647
Y32,28587.6719,44363.8594
Y33,28310.6230,44888.4516
Y34,28317.9522,44732.3744
Y34A,28305.7045,44561.1014
Y35,28573.7168,44608.1172
Y36,28519.8262,44786.0742
Y37,28429.5256,44875.4020
Y38,28755.9082,44928.2500
Y39,28802.1641,44647.4297
Y4,27798.7178,46273.0601
Y4T,27653.9599,46018.2543
Y40,28378.3276,44072.1863
Y41,28735.9258,45762.6250
Y41M,28842.0106,45830.6181
Y43,28865.8374,45625.9622
Y45,29095.1082,45430.1318
Y45M,29036.2050,45471.5063
Y46,29384.9686,45314.7820
Y47,29361.3242,45648.9258
Y48,29613.5447,45679.9694
Y48M,29581.4638,45567.1012
Y49,29613.2711,45312.1300
Y49L,29552.0163,45080.7449
Y49M,29579.1438,45127.7120
Y5,27865.2344,45870.8907
Y51,29529.8300,44808.1062
Y51M,29363.3139,44945.2291
Y52M,29291.1048,44676.2316
Y53M,29413.0818,44965.2268
Y54M,28413.6222,45450.4144
Y56,28383.2891,45244.5078
Y57,29461.0058,45083.3281
Y58,27895.8292,46028.4287
Y59M,29764.6921,44893.3273
Y6,28097.4355,46026.6367
Y60M,29647.1253,44767.6656
Y61M,29588.0070,44651.6313
Y62M,29238.4163,45775.1779
Y63M,29302.8265,45929.6846
Y64M,29314.7149,46022.7799
Y65M,28968.6232,46042.7580
Y66M,28998.1897,46163.9678
Y67,28843.2023,46462.2763
Y68L,29142.5387,44394.3419
Y68M,29255.0052,44464.5975
Y69L,29107.1794,44173.7841
Y69M,29197.6771,44201.2772
Y7,27346.9746,45449.3008
Y70M,28782.6987,44073.5278
Y71M,28844.5948,44263.7102
Y72M,28882.3360,44065.4057
Y73M,28917.4786,44546.2792
Y74M,28931.6439,44600.7404
Y75M,29086.6991,44661.4096
Y76M,28940.4724,44825.8894
Y77L,29832.1087,45462.7555
Y77M,29850.1522,45576.0125
Y78M,30057.2209,45166.4820
Y8,27772.9219,45686.2734
Y82M,29935.5818,45679.7181
Y9,28077.2305,45507.8047
